task,null_mass,null_positive,deadlock
contradiction,0.9999999999999999,1,1
arithmetic,0.027326861359205465,1,0
syllogism,0.0028843012557109643,1,0
arithmetic,0.006994510951310106,1,0
syllogism,0.0012642172531876095,1,0
syllogism,0.002921783588529878,1,0
arithmetic,0.06391025823710324,1,0
contradiction,0.9999999999999999,1,1
syllogism,0.012624602118748062,1,0
syllogism,0.0033316817192227924,1,0
arithmetic,0.1678867141553348,1,0
syllogism,0.0018202185336881323,1,0
syllogism,0.01124110464841416,1,0
contradiction,0.9999999999999999,1,1
arithmetic,0.13593015202039405,1,0
arithmetic,0.007315115335988754,1,0
arithmetic,0.19159718111412025,1,0
arithmetic,0.04506546838783502,1,0
contradiction,0.9999999999999999,1,1
arithmetic,0.02254071844832006,1,0
syllogism,0.008791000201883614,1,0
contradiction,0.9999999999999999,1,1
syllogism,0.002082885913468339,1,0
syllogism,0.00256261831695158,1,0
contradiction,1.0,1,1
contradiction,1.0,1,1
arithmetic,0.0226938594438132,1,0
contradiction,0.9999999999999999,1,1
contradiction,0.9999999999999998,1,1
arithmetic,0.014282701647554541,1,0
syllogism,0.002905026768845882,1,0
syllogism,0.010113588076775225,1,0
arithmetic,0.07238424093268873,1,0
syllogism,0.0014134414127299955,1,0
syllogism,0.0010496572967900446,1,0
syllogism,0.0024291497959176246,1,0
arithmetic,0.04796099213748671,1,0
arithmetic,0.030601982317821966,1,0
contradiction,0.9999999999999999,1,1
arithmetic,0.03553708075662375,1,0
contradiction,1.0,1,1
arithmetic,0.030049977775397526,1,0
contradiction,1.0,1,1
syllogism,0.0024019563090500943,1,0
contradiction,0.9999999999999998,1,1
arithmetic,0.016585144958626504,1,0
arithmetic,0.006842557998543122,1,0
syllogism,0.0017957666129071825,1,0
syllogism,0.0028847581426162485,1,0
arithmetic,0.11785246676507623,1,0
arithmetic,0.011353635866867183,1,0
syllogism,0.0013176326735085955,1,0
contradiction,1.0,1,1
syllogism,0.003985045739192867,1,0
contradiction,0.9999999999999999,1,1
contradiction,1.0000000000000002,1,1
arithmetic,0.024723496540389436,1,0
arithmetic,0.07450462188179031,1,0
arithmetic,0.03222704574312734,1,0
contradiction,0.9999999999999998,1,1
syllogism,0.002414743626991052,1,0
contradiction,1.0,1,1
contradiction,0.9999999999999999,1,1
syllogism,0.001415966707347162,1,0
syllogism,0.005510823959509457,1,0
syllogism,0.001092613330181409,1,0
syllogism,0.0018352635779684597,1,0
syllogism,0.006851012192935914,1,0
contradiction,1.0,1,1
syllogism,0.0014447456398942403,1,0
syllogism,0.0014447726345465158,1,0
arithmetic,0.040735957954695215,1,0
arithmetic,0.15846845779269914,1,0
arithmetic,0.03137394269687295,1,0
syllogism,0.00192254560206586,1,0
arithmetic,0.013863655609677516,1,0
arithmetic,0.04525795613742141,1,0
syllogism,0.002530318363924091,1,0
arithmetic,0.0072151907457510996,1,0
syllogism,0.0016298694958926474,1,0
syllogism,0.0018524034145528138,1,0
contradiction,1.0,1,1
arithmetic,0.021693566611219284,1,0
arithmetic,0.014036238404480417,1,0
syllogism,0.007390459466518276,1,0
arithmetic,0.09342166522043596,1,0
syllogism,0.0010610196574626107,1,0
arithmetic,0.03251147346260432,1,0
syllogism,0.0017945118195967485,1,0
syllogism,0.0014134533907691265,1,0
arithmetic,0.3066311485053558,1,0
contradiction,1.0000000000000002,1,1
contradiction,0.9999999999999999,1,1
syllogism,0.002923993807924621,1,0
syllogism,0.0010926288659722579,1,0
contradiction,1.0,1,1
syllogism,0.0009574792913228586,1,0
contradiction,0.9999999999999999,1,1
syllogism,0.005074492594083458,1,0
arithmetic,0.017914483835934386,1,0
arithmetic,0.0754545514387752,1,0
arithmetic,0.03456425968089613,1,0
syllogism,0.004166665016536284,1,0
syllogism,0.002596636366017495,1,0
syllogism,0.0010496235709021048,1,0
contradiction,1.0,1,1
contradiction,0.9999999999999999,1,1
arithmetic,0.022840962219091515,1,0
contradiction,0.9999999999999998,1,1
arithmetic,0.04750458504111661,1,0
arithmetic,0.038640205062474474,1,0
arithmetic,0.035755325108939154,1,0
arithmetic,0.030740687117813543,1,0
syllogism,0.00106167491100054,1,0
syllogism,0.0029058989424775054,1,0
syllogism,0.0007359129717171975,1,0
syllogism,0.012624434745351465,1,0
syllogism,0.0007356260283651913,1,0
arithmetic,0.10085926291010547,1,0
syllogism,0.001443834996355072,1,0
syllogism,0.001148985243722305,1,0
syllogism,0.0011135887502097363,1,0
contradiction,1.0,1,1
arithmetic,0.05454231636874474,1,0
syllogism,0.0016562284627073649,1,0
syllogism,0.0023707385069913858,1,0
contradiction,1.0,1,1
arithmetic,0.0982761272331201,1,0
syllogism,0.0020829876760032227,1,0
arithmetic,0.05195515510248727,1,0
contradiction,1.0,1,1
contradiction,0.9999999999999999,1,1
arithmetic,0.03495526280891902,1,0
syllogism,0.0029187126837708463,1,0
arithmetic,0.018304178005183018,1,0
arithmetic,0.02702187995222175,1,0
contradiction,1.0,1,1
arithmetic,0.1414223265944256,1,0
contradiction,1.0000000000000002,1,1
arithmetic,0.014591536411157527,1,0
arithmetic,0.0312111625840451,1,0
arithmetic,0.060423397395168624,1,0
contradiction,0.9999999999999997,1,1
arithmetic,0.19784889426240987,1,0
contradiction,1.0,1,1
contradiction,1.0,1,1
syllogism,0.0018202516054028758,1,0
arithmetic,0.030172595611722093,1,0
contradiction,0.9999999999999998,1,1
contradiction,1.0,1,1
arithmetic,0.06452144483167634,1,0
syllogism,0.003969936269237135,1,0
contradiction,0.9999999999999999,1,1
contradiction,1.0,1,1
arithmetic,0.04283272488592786,1,0
arithmetic,0.029250108563134675,1,0
arithmetic,0.08845104729235372,1,0
syllogism,0.0011363353611667962,1,0
contradiction,1.0,1,1
syllogism,0.0021659450841139943,1,0
syllogism,0.001418231355977061,1,0
contradiction,1.0,1,1
contradiction,0.9999999999999999,1,1
arithmetic,0.1156496691544427,1,0
arithmetic,0.07846247511364943,1,0
syllogism,0.0031168589255223082,1,0
arithmetic,0.14762844151433532,1,0
arithmetic,0.008431541256168108,1,0
arithmetic,0.36007595725645475,1,0
arithmetic,0.03327676157459548,1,0
arithmetic,0.07823718256560218,1,0
arithmetic,0.016524449508934873,1,0
syllogism,0.0017945118112270642,1,0
arithmetic,0.036826714024988015,1,0
arithmetic,0.12654564305150848,1,0
syllogism,0.001411923238336605,1,0
contradiction,0.9999999999999998,1,1
contradiction,1.0,1,1
contradiction,1.0,1,1
contradiction,1.0,1,1
contradiction,0.9999999999999999,1,1
syllogism,0.001794512027668489,1,0
arithmetic,0.02785532648284392,1,0
contradiction,0.9999999999999999,1,1
arithmetic,0.023459794987112818,1,0
contradiction,0.9999999999999999,1,1
syllogism,0.002667763757878351,1,0
arithmetic,0.043276060245457035,1,0
arithmetic,0.03850693716615814,1,0
contradiction,1.0,1,1
arithmetic,0.05408680350268691,1,0
syllogism,0.002091091651940593,1,0
contradiction,0.9999999999999999,1,1
syllogism,0.0012616944837366799,1,0
syllogism,0.0012616696058299365,1,0
arithmetic,0.48773731481881266,1,0
syllogism,0.012624438401294614,1,0
arithmetic,0.04969186230876152,1,0
arithmetic,0.13853318624820768,1,0
arithmetic,0.2841312474592126,1,0
arithmetic,0.04671950127261823,1,0
syllogism,0.002905943770948527,1,0
syllogism,0.004191459949198988,1,0
contradiction,0.9999999999999999,1,1
arithmetic,0.034172298292504295,1,0
syllogism,0.0016929506701905646,1,0
syllogism,0.0019620513681520646,1,0
contradiction,1.0,1,1
arithmetic,0.03415366601773384,1,0
contradiction,0.9999999999999998,1,1
arithmetic,0.11839078896982502,1,0
contradiction,1.0,1,1
syllogism,0.0013915667542709017,1,0
syllogism,0.0016707801813318325,1,0
contradiction,0.9999999999999999,1,1
syllogism,0.001629917689171019,1,0
syllogism,0.0033316676518184724,1,0
contradiction,0.9999999999999999,1,1
syllogism,0.001863532083058639,1,0
arithmetic,0.025102426417980595,1,0
syllogism,0.01124110909077351,1,0
syllogism,0.0013915495444511829,1,0
contradiction,1.0000000000000002,1,1
syllogism,0.0007263328011316829,1,0
arithmetic,0.03150402674719933,1,0
syllogism,0.0014160122832491556,1,0
contradiction,0.9999999999999998,1,1
contradiction,0.9999999999999999,1,1
syllogism,0.0030752538780686772,1,0
syllogism,0.0025303184063926853,1,0
syllogism,0.002562616997459128,1,0
arithmetic,0.052999057642986604,1,0
contradiction,0.9999999999999999,1,1
syllogism,0.004971446902301352,1,0
syllogism,0.0007793434617639573,1,0
arithmetic,0.022671905146371824,1,0
arithmetic,0.08156205836056349,1,0
syllogism,0.0026374220069365264,1,0
arithmetic,0.12761763726548042,1,0
arithmetic,0.0179144836185067,1,0
contradiction,0.9999999999999999,1,1
arithmetic,0.17608177533621838,1,0
arithmetic,0.18207044688739546,1,0
arithmetic,0.0978596762755662,1,0
syllogism,0.0018202521411165122,1,0
arithmetic,0.01678196742804062,1,0
arithmetic,0.050600267873341466,1,0
arithmetic,0.03589384614652652,1,0
syllogism,0.004991399202513913,1,0
syllogism,0.0007890250094515327,1,0
contradiction,0.9999999999999999,1,1
contradiction,0.9999999999999999,1,1
syllogism,0.001768641090829377,1,0
arithmetic,0.014087787951919332,1,0
syllogism,0.007390459466518276,1,0
arithmetic,0.015518005445413296,1,0
arithmetic,0.055724901813601964,1,0
arithmetic,0.057054489545574065,1,0
syllogism,0.007384795152389152,1,0
syllogism,0.0010932704368849997,1,0
syllogism,0.0030752534489126497,1,0
syllogism,0.008770578084058199,1,0
contradiction,1.0,1,1
arithmetic,0.38483775215909505,1,0
contradiction,0.9999999999999999,1,1
contradiction,1.0,1,1
syllogism,0.0018513750793955224,1,0
arithmetic,0.29643731041118887,1,0
arithmetic,0.03043804812295029,1,0
arithmetic,0.061638431446125526,1,0
syllogism,0.0037589985106032168,1,0
syllogism,0.008770578462756225,1,0
contradiction,0.9999999999999999,1,1
syllogism,0.0039380837284018165,1,0
contradiction,1.0,1,1
syllogism,0.0015570204992636913,1,0
contradiction,0.9999999999999999,1,1
contradiction,0.9999999999999999,1,1
contradiction,1.0000000000000002,1,1
contradiction,0.9999999999999999,1,1
arithmetic,0.19106071082715503,1,0
syllogism,0.004490762734153177,1,0
arithmetic,0.0825702113840325,1,0
arithmetic,0.057149790176004384,1,0
syllogism,0.011255477406927575,1,0
syllogism,0.0007356425452932708,1,0
contradiction,0.9999999999999999,1,1
syllogism,0.0014904280064478976,1,0
syllogism,0.001093270551599652,1,0
arithmetic,0.025137710404163613,1,0
contradiction,1.0,1,1
arithmetic,0.022481237208604864,1,0
contradiction,1.0,1,1
syllogism,0.0014525852963819422,1,0
contradiction,1.0,1,1
arithmetic,0.041928406561207936,1,0
contradiction,0.9999999999999999,1,1
contradiction,0.9999999999999999,1,1
syllogism,0.006680794406871808,1,0
arithmetic,0.19931670075279453,1,0
arithmetic,0.006357337678973348,1,0
arithmetic,0.028389735426791907,1,0
contradiction,0.9999999999999999,1,1
contradiction,0.9999999999999999,1,1
syllogism,0.0007511982597004894,1,0
syllogism,0.0012092521521872071,1,0
arithmetic,0.08541556146067958,1,0
syllogism,0.0029058986934685067,1,0
contradiction,0.9999999999999998,1,1
syllogism,0.0013747903732863958,1,0
arithmetic,0.015561423349025565,1,0
syllogism,0.0017682525789718343,1,0
arithmetic,0.04438310525196169,1,0
contradiction,0.9999999999999999,1,1
arithmetic,0.01880125553069055,1,0
syllogism,0.011255478441669298,1,0
syllogism,0.010650827126353313,1,0
contradiction,1.0,1,1
syllogism,0.001783561130187009,1,0
syllogism,0.011241073401460794,1,0
syllogism,0.0019620549676848107,1,0
contradiction,0.9999999999999999,1,1
arithmetic,0.042788303117933836,1,0
arithmetic,0.017635931092967388,1,0
contradiction,1.0,1,1
contradiction,0.9999999999999999,1,1
arithmetic,0.3347590443741022,1,0
arithmetic,0.062005140177040924,1,0
syllogism,0.0073322376745291375,1,0
arithmetic,0.034955792854507194,1,0
contradiction,0.9999999999999998,1,1
arithmetic,0.009293751025542325,1,0
arithmetic,0.02337527453609957,1,0
contradiction,1.0,1,1
syllogism,0.001061674901493869,1,0
contradiction,0.9999999999999999,1,1
arithmetic,0.022933025638493195,1,0
contradiction,1.0,1,1
syllogism,0.003148244869016124,1,0
arithmetic,0.3096347539794451,1,0
syllogism,0.002921711310752927,1,0
arithmetic,0.06961302301189437,1,0
contradiction,0.9999999999999998,1,1
contradiction,0.9999999999999999,1,1
contradiction,0.9999999999999999,1,1
arithmetic,0.06281476235595432,1,0
arithmetic,0.13457399833508085,1,0
arithmetic,0.17488141973649388,1,0
arithmetic,0.20883479076683595,1,0
arithmetic,0.13274933031785452,1,0
arithmetic,0.14671057271027138,1,0
contradiction,1.0,1,1
syllogism,0.0014119232343665397,1,0
arithmetic,0.06370226137683493,1,0
syllogism,0.00333168199537709,1,0
contradiction,1.0,1,1
arithmetic,0.043737087884683105,1,0
syllogism,0.0010932851193141925,1,0
syllogism,0.005510772431047825,1,0
syllogism,0.0032045831559781974,1,0
arithmetic,0.030853130734467923,1,0
arithmetic,0.10722786628280462,1,0
syllogism,0.001209560106851257,1,0
contradiction,0.9999999999999999,1,1
contradiction,0.9999999999999999,1,1
arithmetic,0.028389735519754555,1,0
contradiction,0.9999999999999998,1,1
syllogism,0.0014890507809191811,1,0
arithmetic,0.03096746168259065,1,0
arithmetic,0.09901312903482408,1,0
syllogism,0.0030034364247235015,1,0
contradiction,0.9999999999999999,1,1
syllogism,0.0031168814233854722,1,0
syllogism,0.0014103140453172543,1,0
syllogism,0.004123395257274797,1,0
syllogism,0.0033080779029171768,1,0
arithmetic,0.03320108502167884,1,0
syllogism,0.0016294122025858526,1,0
arithmetic,0.5753469305752523,1,0
arithmetic,0.07384815347134577,1,0
arithmetic,0.2182450169446436,1,0
syllogism,0.003938083409556013,1,0
syllogism,0.0015097144620226251,1,0
arithmetic,0.022753986327484755,1,0
contradiction,1.0,1,1
syllogism,0.0029239982062450043,1,0
contradiction,0.9999999999999999,1,1
arithmetic,0.018829187133030494,1,0
syllogism,0.0014161971666884396,1,0
arithmetic,0.1225212317106568,1,0
syllogism,0.00371531443029405,1,0
syllogism,0.003717817078794856,1,0
contradiction,1.0,1,1
syllogism,0.0023340693904869373,1,0
arithmetic,0.03507080948499808,1,0
syllogism,0.0007359129717171975,1,0
arithmetic,0.02458432692051558,1,0
contradiction,0.9999999999999999,1,1
syllogism,0.0030752164150477943,1,0
arithmetic,0.043523893818025995,1,0
arithmetic,0.04393645865061712,1,0
contradiction,0.9999999999999999,1,1
syllogism,0.002475497105191636,1,0
syllogism,0.00377558018669646,1,0
syllogism,0.0018524064052058437,1,0
syllogism,0.0014891534548140308,1,0
arithmetic,0.044350892760418655,1,0
syllogism,0.005075844667630546,1,0
arithmetic,0.043587328227099716,1,0
arithmetic,0.11595642772554192,1,0
syllogism,0.0014103140453172543,1,0
contradiction,0.9999999999999999,1,1
arithmetic,0.047765773044191565,1,0
arithmetic,0.20246777671743216,1,0
syllogism,0.004095217918947805,1,0
contradiction,0.9999999999999999,1,1
arithmetic,0.03241262785279217,1,0
contradiction,0.9999999999999999,1,1
contradiction,0.9999999999999998,1,1
syllogism,0.011255513095200476,1,0
arithmetic,0.03521884015799345,1,0
syllogism,0.0014891209768247648,1,0
contradiction,1.0,1,1
syllogism,0.0011362327012030278,1,0
syllogism,0.0008040513080697063,1,0
syllogism,0.0009676927277310428,1,0
arithmetic,0.49547249495917406,1,0
contradiction,0.9999999999999998,1,1
syllogism,0.00507589342171628,1,0
arithmetic,0.1001583254107553,1,0
syllogism,0.0061795825299143054,1,0
syllogism,0.0010616750684132614,1,0
syllogism,0.006179592945669834,1,0
syllogism,0.0018202190607573127,1,0
contradiction,0.9999999999999999,1,1
contradiction,1.0000000000000002,1,1
contradiction,1.0000000000000002,1,1
contradiction,1.0,1,1
syllogism,0.001783265452077252,1,0
arithmetic,0.05674553783366159,1,0
syllogism,0.0011363354681363483,1,0
arithmetic,0.005310977564871002,1,0
arithmetic,0.04313450016592525,1,0
arithmetic,0.03584256028564461,1,0
contradiction,0.9999999999999999,1,1
syllogism,0.004991448713842206,1,0
arithmetic,0.016126204606009952,1,0
syllogism,0.0017683072272577996,1,0
arithmetic,0.2206890401576155,1,0
contradiction,0.9999999999999999,1,1
syllogism,0.0016294604381132496,1,0
arithmetic,0.1743795439911086,1,0
arithmetic,0.00900524372660456,1,0
syllogism,0.0018202185336881323,1,0
syllogism,0.001710036391239743,1,0
arithmetic,0.030279973130743022,1,0
syllogism,0.0019225603207220561,1,0
syllogism,0.011875954616103364,1,0
syllogism,0.002429990142013205,1,0
syllogism,0.004095086714579102,1,0
arithmetic,0.029490284525366485,1,0
arithmetic,0.07384815513557652,1,0
syllogism,0.0013915494029699757,1,0
arithmetic,0.0462879225028896,1,0
arithmetic,0.020022620232597838,1,0
contradiction,0.9999999999999998,1,1
syllogism,0.003069693938579412,1,0
arithmetic,0.01937777438782619,1,0
arithmetic,0.11739824650092245,1,0
syllogism,0.0010546153484386276,1,0
contradiction,1.0000000000000002,1,1
contradiction,0.9999999999999999,1,1
arithmetic,0.07638551111155675,1,0
syllogism,0.005111186526062833,1,0
syllogism,0.004166485648262032,1,0
contradiction,1.0,1,1
syllogism,0.0032045794997661147,1,0
arithmetic,0.013429155582996904,1,0
arithmetic,0.09689876343562902,1,0
arithmetic,0.04812237499383261,1,0
contradiction,0.9999999999999999,1,1
contradiction,0.9999999999999999,1,1
contradiction,1.0,1,1
syllogism,0.0026671862943623047,1,0
syllogism,0.000701505877949242,1,0
arithmetic,0.01961082417068084,1,0
contradiction,0.9999999999999999,1,1
syllogism,0.0032933071616611334,1,0
contradiction,1.0,1,1
contradiction,1.0,1,1
syllogism,0.0013760347047558133,1,0
contradiction,0.9999999999999999,1,1
syllogism,0.0026374386955846643,1,0
contradiction,1.0,1,1
syllogism,0.0013333454837895892,1,0
arithmetic,0.05081039506141998,1,0
contradiction,1.0,1,1
contradiction,0.9999999999999999,1,1
syllogism,0.0013179601772293733,1,0
contradiction,0.9999999999999999,1,1
contradiction,0.9999999999999999,1,1
arithmetic,0.06860781762990943,1,0
syllogism,0.0011521625543683834,1,0
contradiction,1.0,1,1
syllogism,0.0011363359233550663,1,0
arithmetic,0.33280492479752183,1,0
syllogism,0.0018525454358494914,1,0
syllogism,0.003969935444994135,1,0
syllogism,0.0012616880597753277,1,0
syllogism,0.0018500552325277858,1,0
syllogism,0.0028847576794862376,1,0
syllogism,0.0010426313241384687,1,0
arithmetic,0.025559897085014684,1,0
contradiction,1.0,1,1
arithmetic,0.009293751822414972,1,0
syllogism,0.0024019582617635813,1,0
contradiction,0.9999999999999998,1,1
syllogism,0.0018635317218871658,1,0
syllogism,0.0015215190294215713,1,0
contradiction,1.0,1,1
syllogism,0.0010932696833254394,1,0
syllogism,0.0013332068238447485,1,0
contradiction,1.0,1,1
syllogism,0.0014891204420700334,1,0
arithmetic,0.09342166522048959,1,0
contradiction,0.9999999999999999,1,1
syllogism,0.0021658850763557535,1,0
contradiction,1.0,1,1
contradiction,0.9999999999999999,1,1
arithmetic,0.039260747580778944,1,0
syllogism,0.0013747569768496376,1,0
contradiction,1.0000000000000002,1,1
syllogism,0.0026374217431074203,1,0
syllogism,0.001418231355977061,1,0
syllogism,0.003293144957504271,1,0
syllogism,0.0025303189894173043,1,0
syllogism,0.0030752165202156787,1,0
contradiction,0.9999999999999999,1,1
contradiction,0.9999999999999999,1,1
contradiction,1.0,1,1
contradiction,0.9999999999999999,1,1
syllogism,0.0016562585926148874,1,0
contradiction,0.9999999999999997,1,1
contradiction,1.0,1,1
contradiction,0.9999999999999999,1,1
syllogism,0.0013147141287402307,1,0
contradiction,0.9999999999999999,1,1
syllogism,0.00688068027485224,1,0
contradiction,1.0,1,1
arithmetic,0.06096296045755896,1,0
syllogism,0.0037741775375060693,1,0
arithmetic,0.028389735525828717,1,0
arithmetic,0.01754756640194193,1,0
contradiction,0.9999999999999999,1,1
syllogism,0.002906327566019418,1,0
syllogism,0.0017850120967607742,1,0
contradiction,0.9999999999999999,1,1
contradiction,0.9999999999999999,1,1
syllogism,0.0013176315954356946,1,0
contradiction,0.9999999999999999,1,1
syllogism,0.0024290813277675245,1,0
contradiction,0.9999999999999999,1,1
contradiction,1.0,1,1
arithmetic,0.22536175386596016,1,0
arithmetic,0.0331651592123327,1,0
syllogism,0.0017679752182183752,1,0
contradiction,0.9999999999999998,1,1
arithmetic,0.062018353621990166,1,0
contradiction,1.0,1,1
contradiction,0.9999999999999999,1,1
syllogism,0.0026671869515581623,1,0
syllogism,0.001415966943664706,1,0
syllogism,0.005111186526062833,1,0
contradiction,0.9999999999999999,1,1
syllogism,0.0032933071616611334,1,0
arithmetic,0.03287194183906377,1,0
contradiction,1.0,1,1
arithmetic,0.025426491660225786,1,0
syllogism,0.0024019584974343863,1,0
contradiction,1.0,1,1
syllogism,0.0017861321987696684,1,0
contradiction,0.9999999999999999,1,1
contradiction,1.0,1,1
contradiction,1.0000000000000002,1,1
syllogism,0.004991397125717244,1,0
contradiction,0.9999999999999999,1,1
syllogism,0.0019615836602150096,1,0
syllogism,0.0024030035425281846,1,0
arithmetic,0.17203124251242974,1,0
arithmetic,0.05050743204799421,1,0
syllogism,0.0024147737922644076,1,0
syllogism,0.011255478763083944,1,0
contradiction,1.0,1,1
syllogism,0.0026517824400722418,1,0
arithmetic,0.03075616498148731,1,0
contradiction,1.0,1,1
contradiction,0.9999999999999999,1,1
contradiction,1.0,1,1
syllogism,0.003116850442360904,1,0
syllogism,0.0014523550767142092,1,0
contradiction,0.9999999999999998,1,1
syllogism,0.0018352635647787313,1,0
arithmetic,0.18511921730832842,1,0
syllogism,0.0028847576794862376,1,0
contradiction,0.9999999999999999,1,1
syllogism,0.001783561130187009,1,0
arithmetic,0.03364540573046636,1,0
contradiction,0.9999999999999999,1,1
contradiction,0.9999999999999999,1,1
contradiction,0.9999999999999998,1,1
syllogism,0.0007356424387820234,1,0
arithmetic,0.11779848189225428,1,0
contradiction,1.0,1,1
contradiction,0.9999999999999998,1,1
arithmetic,0.017303751681860515,1,0
syllogism,0.001557032323437556,1,0
syllogism,0.001783552077603057,1,0
syllogism,0.0017835635380134625,1,0
arithmetic,0.04664933287531751,1,0
syllogism,0.00216590120544288,1,0
contradiction,0.9999999999999999,1,1
syllogism,0.0013915491776355586,1,0
arithmetic,0.10299539372131081,1,0
contradiction,1.0,1,1
arithmetic,0.046389941190328514,1,0
arithmetic,0.018374616212847927,1,0
arithmetic,0.05070811507082362,1,0
contradiction,0.9999999999999999,1,1
arithmetic,0.1143764503360034,1,0
contradiction,1.0,1,1
arithmetic,0.35431797813215726,1,0
contradiction,0.9999999999999999,1,1
syllogism,0.0011362145017482794,1,0
syllogism,0.0017679755681237834,1,0
syllogism,0.005122548416846112,1,0
syllogism,0.007384793399089341,1,0
syllogism,0.0005263267389246168,1,0
arithmetic,0.04910592541050629,1,0
arithmetic,0.046039294514593425,1,0
contradiction,1.0000000000000002,1,1
contradiction,1.0,1,1
syllogism,0.001961580060678865,1,0
arithmetic,0.18794434208114538,1,0
arithmetic,0.038640205425329255,1,0
contradiction,1.0,1,1
syllogism,0.0037153144838185186,1,0
syllogism,0.001922536499221196,1,0
syllogism,0.0008040511177035345,1,0
syllogism,0.0033317492338850673,1,0
syllogism,0.0017100514082200487,1,0
arithmetic,0.06791097055805131,1,0
contradiction,0.9999999999999999,1,1
syllogism,0.002475348954314936,1,0
arithmetic,0.028605853131197824,1,0
syllogism,0.0013147140539725745,1,0
arithmetic,0.04343714895674195,1,0
syllogism,0.001961583192378587,1,0
contradiction,0.9999999999999999,1,1
syllogism,0.0027590529670487507,1,0
syllogism,0.0024764365510078854,1,0
syllogism,0.0024406845623910003,1,0
contradiction,0.9999999999999999,1,1
syllogism,0.0017682530665452635,1,0
syllogism,0.003148280716086484,1,0
contradiction,0.9999999999999999,1,1
syllogism,0.0019225453844684936,1,0
contradiction,1.0,1,1
contradiction,1.0,1,1
contradiction,0.9999999999999999,1,1
syllogism,0.0013176316204374554,1,0
arithmetic,0.007857307673100748,1,0
syllogism,0.0011363360270014845,1,0
arithmetic,0.06369625282243888,1,0
contradiction,1.0,1,1
contradiction,1.0,1,1
arithmetic,0.03338376974243773,1,0
arithmetic,0.04674600159735442,1,0
arithmetic,0.0463273783965902,1,0
syllogism,0.004123264200079229,1,0
arithmetic,0.09379869773153132,1,0
syllogism,0.0011136004162717224,1,0
syllogism,0.0026374584640653713,1,0
contradiction,0.9999999999999999,1,1
syllogism,0.0007356261348764422,1,0
contradiction,1.0,1,1
arithmetic,0.06157983878167349,1,0
syllogism,0.001670750309505795,1,0
contradiction,0.9999999999999999,1,1
syllogism,0.0029053857743956742,1,0
arithmetic,0.189860337963842,1,0
syllogism,0.0014134440521337338,1,0
contradiction,0.9999999999999999,1,1
contradiction,0.9999999999999997,1,1
contradiction,0.9999999999999999,1,1
arithmetic,0.02442439039257243,1,0
syllogism,0.0014119222367687987,1,0
arithmetic,0.05107789644974763,1,0
arithmetic,0.02993776215143738,1,0
contradiction,0.9999999999999999,1,1
arithmetic,0.03278217241099936,1,0
contradiction,0.9999999999999999,1,1
syllogism,0.0026374388807840253,1,0
syllogism,0.001490447092833318,1,0
arithmetic,0.14240959675467843,1,0
syllogism,0.0021659014086002955,1,0
syllogism,0.004489317901688604,1,0
contradiction,0.9999999999999999,1,1
syllogism,0.003069695946897951,1,0
contradiction,0.9999999999999998,1,1
contradiction,0.9999999999999999,1,1
contradiction,1.0,1,1
syllogism,0.0010544012378656295,1,0
syllogism,0.004569382891837515,1,0
syllogism,0.004192949088632613,1,0
contradiction,0.9999999999999999,1,1
syllogism,0.003205490065085,1,0
contradiction,1.0,1,1
arithmetic,0.05272772640516181,1,0
syllogism,0.00419100320310385,1,0
syllogism,0.0015215201374071312,1,0
syllogism,0.011241073373127295,1,0
syllogism,0.0024300586191136867,1,0
contradiction,1.0,1,1
contradiction,1.0000000000000002,1,1
contradiction,1.0,1,1
syllogism,0.00371531443029405,1,0
contradiction,1.0,1,1
arithmetic,0.1317091783180878,1,0
syllogism,0.0014896182481394689,1,0
contradiction,0.9999999999999999,1,1
arithmetic,0.0294733383260063,1,0
syllogism,0.0018532722128878955,1,0
syllogism,0.01011355339739992,1,0
arithmetic,0.15346278916333145,1,0
arithmetic,0.15102607268703155,1,0
contradiction,0.9999999999999999,1,1
contradiction,0.9999999999999999,1,1
syllogism,0.002757508458201971,1,0
syllogism,0.003204633958652822,1,0
syllogism,0.00126422425472504,1,0
arithmetic,0.01459144475206559,1,0
syllogism,0.010113595881936287,1,0
arithmetic,0.03501084651339436,1,0
syllogism,0.0014896180403419226,1,0
arithmetic,0.04278177511592528,1,0
contradiction,0.9999999999999999,1,1
contradiction,0.9999999999999999,1,1
syllogism,0.003990767131558854,1,0
syllogism,0.0005302891692144339,1,0
syllogism,0.004971451241666706,1,0
contradiction,1.0,1,1
contradiction,0.9999999999999999,1,1
contradiction,0.9999999999999999,1,1
arithmetic,0.12185848677514799,1,0
syllogism,0.0028842142195784227,1,0
syllogism,0.0017686413592802605,1,0
arithmetic,0.02460602515355131,1,0
contradiction,0.9999999999999999,1,1
syllogism,0.003338241860687302,1,0
contradiction,0.9999999999999999,1,1
contradiction,1.0,1,1
contradiction,1.0,1,1
arithmetic,0.04274667586255664,1,0
arithmetic,0.12761763898802908,1,0
syllogism,0.0009026240806246794,1,0
contradiction,0.9999999999999999,1,1
arithmetic,0.0358837287289533,1,0
contradiction,0.9999999999999999,1,1
contradiction,0.9999999999999999,1,1
arithmetic,0.016527565485997018,1,0
syllogism,0.0029050264238915536,1,0
contradiction,0.9999999999999999,1,1
contradiction,0.9999999999999999,1,1
arithmetic,0.06268769327938867,1,0
syllogism,0.0024019582406948434,1,0
arithmetic,0.02326693372166074,1,0
arithmetic,0.09758597051034464,1,0
syllogism,0.002414743626991052,1,0
arithmetic,0.11513021297493756,1,0
contradiction,1.0,1,1
arithmetic,0.04088887415368539,1,0
contradiction,1.0,1,1
syllogism,0.007384775050297323,1,0
syllogism,0.0018352634440270876,1,0
arithmetic,0.04612972584468916,1,0
arithmetic,0.06188110837807628,1,0
contradiction,0.9999999999999999,1,1
syllogism,0.0010445462847596995,1,0
arithmetic,0.04950117883331387,1,0
syllogism,0.0010445462847596995,1,0
contradiction,0.9999999999999999,1,1
syllogism,0.0018352448523089049,1,0
arithmetic,0.11080772429510513,1,0
arithmetic,0.04613092278515627,1,0
arithmetic,0.023596944395233396,1,0
syllogism,0.0009676378264586253,1,0
syllogism,0.005074493024398126,1,0
syllogism,0.0013176326618522134,1,0
syllogism,0.0014134533907691265,1,0
contradiction,1.0,1,1
contradiction,0.9999999999999999,1,1
arithmetic,0.07319675697267461,1,0
arithmetic,0.055062549000719815,1,0
contradiction,0.9999999999999999,1,1
arithmetic,0.016313091746254112,1,0
arithmetic,0.037108526562986396,1,0
arithmetic,0.10986362974917639,1,0
syllogism,0.003985045479283857,1,0
syllogism,0.001093285219095872,1,0
syllogism,0.0011362146271740258,1,0
contradiction,0.9999999999999998,1,1
contradiction,0.9999999999999999,1,1
syllogism,0.0009420525686127606,1,0
contradiction,0.9999999999999999,1,1
contradiction,0.9999999999999999,1,1
syllogism,0.006680763048147966,1,0
syllogism,0.0010496234749375712,1,0
contradiction,0.9999999999999999,1,1
arithmetic,0.2516187013178772,1,0
syllogism,0.0039394415269533006,1,0
syllogism,0.0073322376745291375,1,0
syllogism,0.004232181098887091,1,0
arithmetic,0.014591445105749315,1,0
contradiction,0.9999999999999999,1,1
syllogism,0.0011363353644899296,1,0
arithmetic,0.036297729680608494,1,0
syllogism,0.0017944799152512375,1,0
syllogism,0.0005263988951818305,1,0
syllogism,0.002921711839862414,1,0
syllogism,0.0018202521411165122,1,0
syllogism,0.0016707761117401032,1,0
contradiction,1.0,1,1
syllogism,0.0017100520011340608,1,0
arithmetic,0.017956500191465954,1,0
syllogism,0.004230688965763355,1,0
syllogism,0.006179582518911299,1,0
contradiction,1.0000000000000002,1,1
contradiction,0.9999999999999999,1,1
syllogism,0.0024754887502461253,1,0
syllogism,0.0013915816964077995,1,0
syllogism,0.0007356444787028559,1,0
arithmetic,0.06464058061916854,1,0
contradiction,0.9999999999999999,1,1
contradiction,0.9999999999999999,1,1
syllogism,0.0018202195325021007,1,0
arithmetic,0.008891373608812253,1,0
contradiction,0.9999999999999999,1,1
arithmetic,0.07874792957950627,1,0
arithmetic,0.12450694128324154,1,0
contradiction,0.9999999999999999,1,1
contradiction,0.9999999999999999,1,1
syllogism,0.0017835636360716276,1,0
contradiction,0.9999999999999999,1,1
syllogism,0.0017957869263874801,1,0
contradiction,0.9999999999999999,1,1
syllogism,0.0007263801671233419,1,0
arithmetic,0.029316563272917078,1,0
contradiction,1.0,1,1
contradiction,1.0000000000000002,1,1
arithmetic,0.035477442114235716,1,0
syllogism,0.002011083430018496,1,0
arithmetic,0.11715450306051861,1,0
contradiction,0.9999999999999999,1,1
syllogism,0.002531048198466322,1,0
arithmetic,0.039050339928599055,1,0
arithmetic,0.11513021200527122,1,0
syllogism,0.003004269045383307,1,0
syllogism,0.012715237185352925,1,0
contradiction,1.0,1,1
arithmetic,0.1178524677712294,1,0
arithmetic,0.025951961285849565,1,0
contradiction,0.9999999999999999,1,1
contradiction,1.0,1,1
contradiction,0.9999999999999999,1,1
contradiction,1.0,1,1
arithmetic,0.021288488522158158,1,0
syllogism,0.0033316679860347625,1,0
arithmetic,0.059654998172986966,1,0
syllogism,0.0020078078051388214,1,0
syllogism,0.002757508458201971,1,0
contradiction,0.9999999999999999,1,1
arithmetic,0.02857469901559755,1,0
contradiction,0.9999999999999999,1,1
syllogism,0.0033060237592458914,1,0
arithmetic,0.06503569074295913,1,0
contradiction,0.9999999999999999,1,1
contradiction,1.0000000000000002,1,1
syllogism,0.0007359293821246049,1,0
contradiction,0.9999999999999999,1,1
contradiction,0.9999999999999999,1,1
syllogism,0.0013747903369204504,1,0
arithmetic,0.013234352659614819,1,0
contradiction,0.9999999999999999,1,1
contradiction,1.0,1,1
arithmetic,0.010641555868498452,1,0
contradiction,0.9999999999999999,1,1
arithmetic,0.021332814987237835,1,0
syllogism,0.0073322372085384046,1,0
syllogism,0.01012551806522349,1,0
syllogism,0.0012616700261080297,1,0
contradiction,1.0,1,1
syllogism,0.0010544012355931647,1,0
syllogism,0.00290497059547518,1,0
arithmetic,0.008144656100828077,1,0
syllogism,0.0018538697021768815,1,0
syllogism,0.0014890509172773136,1,0
syllogism,0.0010496424486286778,1,0
contradiction,0.9999999999999999,1,1
syllogism,0.000957459553313807,1,0
syllogism,0.0017097914459727392,1,0
contradiction,1.0,1,1
syllogism,0.001521520188781947,1,0
arithmetic,0.09120079386059077,1,0
arithmetic,0.1226182154855195,1,0
arithmetic,0.054086806085049524,1,0
syllogism,0.0025966191496289877,1,0
arithmetic,0.02350824301948183,1,0
contradiction,0.9999999999999999,1,1
arithmetic,0.05904850102941799,1,0
contradiction,1.0,1,1
syllogism,0.0014438620619140945,1,0
syllogism,0.0015570325460151594,1,0
syllogism,0.0029058985665467688,1,0
contradiction,0.9999999999999997,1,1
syllogism,0.0018532690755505602,1,0
syllogism,0.0012092515876730137,1,0
syllogism,0.004232221002975719,1,0
syllogism,0.0010445631493026441,1,0
contradiction,0.9999999999999999,1,1
syllogism,0.0013747571994055714,1,0
syllogism,0.007332267872086309,1,0
syllogism,0.004232181225417635,1,0
contradiction,0.9999999999999999,1,1
contradiction,0.9999999999999998,1,1
syllogism,0.0018499604765705433,1,0
contradiction,0.9999999999999999,1,1
arithmetic,0.03253535971104825,1,0
arithmetic,0.10210396766494848,1,0
syllogism,0.001819862198296652,1,0
contradiction,0.9999999999999999,1,1
contradiction,0.9999999999999999,1,1
contradiction,1.0,1,1
arithmetic,0.04770158230927954,1,0
contradiction,1.0,1,1
arithmetic,0.13120825643312156,1,0
arithmetic,0.03698890717433161,1,0
syllogism,0.001410314238814013,1,0
syllogism,0.0015570204992636913,1,0
contradiction,1.0000000000000002,1,1
arithmetic,0.04699056647679747,1,0
contradiction,0.9999999999999999,1,1
arithmetic,0.030913261134498875,1,0
syllogism,0.0021659013956515784,1,0
contradiction,0.9999999999999997,1,1
contradiction,0.9999999999999997,1,1
syllogism,0.0014182323575322115,1,0
arithmetic,0.07168802304119634,1,0
syllogism,0.001333345428669013,1,0
syllogism,0.006179540381043739,1,0
arithmetic,0.06454077148139249,1,0
contradiction,1.0,1,1
arithmetic,0.08218964814210745,1,0
contradiction,0.9999999999999999,1,1
contradiction,0.9999999999999999,1,1
syllogism,0.0007779500661010454,1,0
contradiction,1.0,1,1
syllogism,0.0007779167050418013,1,0
arithmetic,0.022232092335815315,1,0
arithmetic,0.030974320264004603,1,0
syllogism,0.0039381231948425,1,0
syllogism,0.004095214497894797,1,0
contradiction,0.9999999999999999,1,1
syllogism,0.001261687891132047,1,0
arithmetic,0.022693859701003006,1,0
syllogism,0.0016709287681724732,1,0
contradiction,1.0,1,1
syllogism,0.0014182323575322115,1,0
arithmetic,0.01602578103068293,1,0
contradiction,0.9999999999999999,1,1
arithmetic,0.038967123360824155,1,0
arithmetic,0.006179677758804727,1,0
contradiction,0.9999999999999999,1,1
syllogism,0.0009419933784441134,1,0
contradiction,0.9999999999999999,1,1
arithmetic,0.1613417993744386,1,0
contradiction,1.0,1,1
syllogism,0.0017860813415096358,1,0
arithmetic,0.49061162898511607,1,0
contradiction,0.9999999999999999,1,1
syllogism,0.0019225512614301883,1,0
contradiction,0.9999999999999999,1,1
arithmetic,0.2402586415792344,1,0
contradiction,0.9999999999999999,1,1
contradiction,0.9999999999999998,1,1
arithmetic,0.08563198064297751,1,0
syllogism,0.0014523864428214752,1,0
syllogism,0.0033382443215585374,1,0
contradiction,1.0,1,1
contradiction,1.0,1,1
contradiction,1.0,1,1
